provider,category,dsl,isDecorator,resourceType,tagName,subType,iconPath,typeURI,docURI
Azure,Web,az_Notification_Hub_Namespaces,false,cloud,terminal,az_Notification_Hub_Namespaces,icons/Azure_Public_Service_Icons/Web/10053-icon-service-Notification-Hub-Namespaces.svg,,
Azure,Web,az_Azure_Media_Service,false,cloud,terminal,az_Azure_Media_Service,icons/Azure_Public_Service_Icons/Web/10309-icon-service-Azure-Media-Service.svg,,
Google Cloud Platform,Storage,gcp_Cloud_Filestore,false,cloud,terminal,gcp_Cloud_Filestore,icons/GCP Icons/Products and services/Storage/Cloud Filestore.svg,,
Google Cloud Platform,Storage,gcp_Cloud_Storage,false,cloud,terminal,gcp_Cloud_Storage,icons/GCP Icons/Products and services/Storage/Cloud Storage.svg,,
Google Cloud Platform,Storage,gcp_Persistent_Disk,false,cloud,terminal,gcp_Persistent_Disk,icons/GCP Icons/Products and services/Storage/Persistent Disk.svg,,
Azure,Storage,az_Recovery_Services_Vaults,false,cloud,terminal,az_Recovery_Services_Vaults,icons/Azure_Public_Service_Icons/Storage/00017-icon-service-Recovery-Services-Vaults.svg,,
Azure,Storage,az_Data_Lake_Store_Gen1,false,cloud,terminal,az_Data_Lake_Store_Gen1,icons/Azure_Public_Service_Icons/Storage/00045-icon-service-Data-Lake-Store-Gen1.svg,,
Azure,Storage,az_Azure_Stack_Edge,false,cloud,terminal,az_Azure_Stack_Edge,icons/Azure_Public_Service_Icons/Storage/00691-icon-service-Azure-Stack-Edge.svg,,
Google Cloud Platform,Security,gcp_Cloud_IAM,false,cloud,terminal,gcp_Cloud_IAM,icons/GCP Icons/Products and services/Security/Cloud IAM.svg,,
Azure,Storage,az_Azure_HCP_Cache,false,cloud,terminal,az_Azure_HCP_Cache,icons/Azure_Public_Service_Icons/Storage/00776-icon-service-Azure-HCP-Cache.svg,,
Azure,Storage,az_Storage_Accounts,false,cloud,terminal,az_Storage_Accounts,icons/Azure_Public_Service_Icons/Storage/10086-icon-service-Storage-Accounts.svg,,
Google Cloud Platform,Security,gcp_Cloud_Resource_Manager,false,cloud,terminal,gcp_Cloud_Resource_Manager,icons/GCP Icons/Products and services/Security/Cloud Resource Manager.svg,,
Azure,Storage,az_Storage_Accounts_(Classic),false,cloud,terminal,az_Storage_Accounts_(Classic),icons/Azure_Public_Service_Icons/Storage/10087-icon-service-Storage-Accounts-(Classic).svg,,
Azure,Storage,az_StorSimple_Device_Managers,false,cloud,terminal,az_StorSimple_Device_Managers,icons/Azure_Public_Service_Icons/Storage/10089-icon-service-StorSimple-Device-Managers.svg,,
Google Cloud Platform,Security,gcp_Cloud_Security_Command_Center,false,cloud,terminal,gcp_Cloud_Security_Command_Center,icons/GCP Icons/Products and services/Security/Cloud Security Command Center.svg,,
Azure,Storage,az_Data_Lake_Storage_Gen1,false,cloud,terminal,az_Data_Lake_Storage_Gen1,icons/Azure_Public_Service_Icons/Storage/10090-icon-service-Data-Lake-Storage-Gen1.svg,,
Azure,Storage,az_StorSimple_Data_Managers,false,cloud,terminal,az_StorSimple_Data_Managers,icons/Azure_Public_Service_Icons/Storage/10092-icon-service-StorSimple-Data-Managers.svg,,
Google Cloud Platform,Security,gcp_Cloud_Security_Scanner,false,cloud,terminal,gcp_Cloud_Security_Scanner,icons/GCP Icons/Products and services/Security/Cloud Security Scanner.svg,,
Azure,Storage,az_Data_Box,false,cloud,terminal,az_Data_Box,icons/Azure_Public_Service_Icons/Storage/10094-icon-service-Data-Box.svg,,
Azure,Storage,az_Data_Box_Edge,false,cloud,terminal,az_Data_Box_Edge,icons/Azure_Public_Service_Icons/Storage/10095-icon-service-Data-Box-Edge.svg,,
Google Cloud Platform,Security,gcp_Key_Management_Service,false,cloud,terminal,gcp_Key_Management_Service,icons/GCP Icons/Products and services/Security/Key Management Service.svg,,
Azure,Storage,az_Azure_NetApp_Files,false,cloud,terminal,az_Azure_NetApp_Files,icons/Azure_Public_Service_Icons/Storage/10096-icon-service-Azure-NetApp-Files.svg,,
Azure,Storage,az_Data_Share_Invitations,false,cloud,terminal,az_Data_Share_Invitations,icons/Azure_Public_Service_Icons/Storage/10097-icon-service-Data-Share-Invitations.svg,,
Azure,Storage,az_Data_Shares,false,cloud,terminal,az_Data_Shares,icons/Azure_Public_Service_Icons/Storage/10098-icon-service-Data-Shares.svg,,
Azure,Storage,az_Import_Export_Jobs,false,cloud,terminal,az_Import_Export_Jobs,icons/Azure_Public_Service_Icons/Storage/10100-icon-service-Import-Export-Jobs.svg,,
Google Cloud Platform,Networking,gcp_Cloud_Armor,false,cloud,terminal,gcp_Cloud_Armor,icons/GCP Icons/Products and services/Networking/Cloud Armor.svg,,
Google Cloud Platform,Networking,gcp_Cloud_CDN,false,cloud,terminal,gcp_Cloud_CDN,icons/GCP Icons/Products and services/Networking/Cloud CDN.svg,,
Azure,Preview,az_Azure_Cloud_Shell,false,cloud,terminal,az_Azure_Cloud_Shell,icons/Azure_Public_Service_Icons/Preview/00559-icon-service-Azure-Cloud-Shell.svg,,
Azure,Preview,az_Private_Link_Hub,false,cloud,terminal,az_Private_Link_Hub,icons/Azure_Public_Service_Icons/Preview/02209-icon-service-Private-Link-Hub.svg,,
Google Cloud Platform,Networking,gcp_Cloud_DNS,false,cloud,terminal,gcp_Cloud_DNS,icons/GCP Icons/Products and services/Networking/Cloud DNS.svg,,
Azure,Preview,az_Web_Environment,false,cloud,terminal,az_Web_Environment,icons/Azure_Public_Service_Icons/Preview/10846-icon-service-Web-Environment.svg,,
Google Cloud Platform,Networking,gcp_Cloud_External_IP_Addresses,false,cloud,terminal,gcp_Cloud_External_IP_Addresses,icons/GCP Icons/Products and services/Networking/Cloud External IP Addresses.svg,,
Google Cloud Platform,Networking,gcp_Cloud_Firewall_Rules,false,cloud,terminal,gcp_Cloud_Firewall_Rules,icons/GCP Icons/Products and services/Networking/Cloud Firewall Rules.svg,,
Google Cloud Platform,Networking,gcp_Cloud_Load_Balancing,false,cloud,terminal,gcp_Cloud_Load_Balancing,icons/GCP Icons/Products and services/Networking/Cloud Load Balancing.svg,,
Google Cloud Platform,Networking,gcp_Cloud_NAT,false,cloud,terminal,gcp_Cloud_NAT,icons/GCP Icons/Products and services/Networking/Cloud NAT.svg,,
Google Cloud Platform,Networking,gcp_Cloud_Network,false,cloud,terminal,gcp_Cloud_Network,icons/GCP Icons/Products and services/Networking/Cloud Network.svg,,
Azure,Other,az_Detonation,false,cloud,terminal,az_Detonation,icons/Azure_Public_Service_Icons/Other/00378-icon-service-Detonation.svg,,
Azure,Other,az_Disk_Encryption_Sets,false,cloud,terminal,az_Disk_Encryption_Sets,icons/Azure_Public_Service_Icons/Other/00398-icon-service-Disk-Encryption-Sets.svg,,
Google Cloud Platform,Networking,gcp_Cloud_Router,false,cloud,terminal,gcp_Cloud_Router,icons/GCP Icons/Products and services/Networking/Cloud Router.svg,,
Azure,Other,az_Internet_Analyzer_Profiles,false,cloud,terminal,az_Internet_Analyzer_Profiles,icons/Azure_Public_Service_Icons/Other/00469-icon-service-Internet-Analyzer-Profiles.svg,,
Azure,Other,az_IP_Groups,false,cloud,terminal,az_IP_Groups,icons/Azure_Public_Service_Icons/Other/00701-icon-service-IP-Groups.svg,,
Google Cloud Platform,Networking,gcp_Cloud_Routes,false,cloud,terminal,gcp_Cloud_Routes,icons/GCP Icons/Products and services/Networking/Cloud Routes.svg,,
Azure,Other,az_Reservations,false,cloud,terminal,az_Reservations,icons/Azure_Public_Service_Icons/Other/10003-icon-service-Reservations.svg,,
Azure,Other,az_Application_Gateways,false,cloud,terminal,az_Application_Gateways,icons/Azure_Public_Service_Icons/Other/10076-icon-service-Application-Gateways.svg,,
Google Cloud Platform,Networking,gcp_Cloud_VPN,false,cloud,terminal,gcp_Cloud_VPN,icons/GCP Icons/Products and services/Networking/Cloud VPN.svg,,
Azure,Other,az_Firewalls,false,cloud,terminal,az_Firewalls,icons/Azure_Public_Service_Icons/Other/10084-icon-service-Firewalls.svg,,
Azure,Other,az_Instance_Pools,false,cloud,terminal,az_Instance_Pools,icons/Azure_Public_Service_Icons/Other/10139-icon-service-Instance-Pools.svg,,
Google Cloud Platform,Networking,gcp_Dedicated_Interconnect,false,cloud,terminal,gcp_Dedicated_Interconnect,icons/GCP Icons/Products and services/Networking/Dedicated Interconnect.svg,,
Azure,Other,az_NAT,false,cloud,terminal,az_NAT,icons/Azure_Public_Service_Icons/Other/10310-icon-service-NAT.svg,,
Google Cloud Platform,Networking,gcp_Partner_Interconnect,false,cloud,terminal,gcp_Partner_Interconnect,icons/GCP Icons/Products and services/Networking/Partner Interconnect.svg,,
Google Cloud Platform,Networking,gcp_Premium_Network_Tier,false,cloud,terminal,gcp_Premium_Network_Tier,icons/GCP Icons/Products and services/Networking/Premium Network Tier.svg,,
Google Cloud Platform,Networking,gcp_Standard_Network_Tier,false,cloud,terminal,gcp_Standard_Network_Tier,icons/GCP Icons/Products and services/Networking/Standard Network Tier.svg,,
Google Cloud Platform,Networking,gcp_Traffic_Director,false,cloud,terminal,gcp_Traffic_Director,icons/GCP Icons/Products and services/Networking/Traffic Director.svg,,
Google Cloud Platform,Networking,gcp_Virtual_Private_Cloud,false,cloud,terminal,gcp_Virtual_Private_Cloud,icons/GCP Icons/Products and services/Networking/Virtual Private Cloud.svg,,
Azure,Networking,az_Network_Watcher,false,cloud,terminal,az_Network_Watcher,icons/Azure_Public_Service_Icons/Networking/00023-icon-service-Network-Watcher.svg,,
Azure,Networking,az_CDN_Profiles,false,cloud,terminal,az_CDN_Profiles,icons/Azure_Public_Service_Icons/Networking/00056-icon-service-CDN-Profiles.svg,,
Azure,Networking,az_Azure_Firewall_Manager,false,cloud,terminal,az_Azure_Firewall_Manager,icons/Azure_Public_Service_Icons/Networking/00271-icon-service-Azure-Firewall-Manager.svg,,
Azure,Networking,az_Private_Link,false,cloud,terminal,az_Private_Link,icons/Azure_Public_Service_Icons/Networking/00427-icon-service-Private-Link.svg,,
Azure,Networking,az_Private_Link_Service,false,cloud,terminal,az_Private_Link_Service,icons/Azure_Public_Service_Icons/Networking/01105-icon-service-Private-Link-Service.svg,,
Azure,Networking,az_Virtual_Networks,false,cloud,terminal,az_Virtual_Networks,icons/Azure_Public_Service_Icons/Networking/10061-icon-service-Virtual-Networks.svg,,
Azure,Networking,az_Load_Balancers,false,cloud,terminal,az_Load_Balancers,icons/Azure_Public_Service_Icons/Networking/10062-icon-service-Load-Balancers.svg,,
Azure,Networking,az_Virtual_Network_Gateways,false,cloud,terminal,az_Virtual_Network_Gateways,icons/Azure_Public_Service_Icons/Networking/10063-icon-service-Virtual-Network-Gateways.svg,,
Google Cloud Platform,Migration,gcp_Transfer_Appliance,false,cloud,terminal,gcp_Transfer_Appliance,icons/GCP Icons/Products and services/Migration/Transfer Appliance.svg,,
Azure,Networking,az_DNS_Zones,false,cloud,terminal,az_DNS_Zones,icons/Azure_Public_Service_Icons/Networking/10064-icon-service-DNS-Zones.svg,,
Azure,Networking,az_Traffic_Manager_Profiles,false,cloud,terminal,az_Traffic_Manager_Profiles,icons/Azure_Public_Service_Icons/Networking/10065-icon-service-Traffic-Manager-Profiles.svg,,
Azure,Networking,az_Network_Watcher,false,cloud,terminal,az_Network_Watcher,icons/Azure_Public_Service_Icons/Networking/10066-icon-service-Network-Watcher.svg,,
Azure,Networking,az_Network_Security_Groups,false,cloud,terminal,az_Network_Security_Groups,icons/Azure_Public_Service_Icons/Networking/10067-icon-service-Network-Security-Groups.svg,,
Azure,Networking,az_Public_IP_Addresses_(Classic),false,cloud,terminal,az_Public_IP_Addresses_(Classic),icons/Azure_Public_Service_Icons/Networking/10068-icon-service-Public-IP-Addresses-(Classic).svg,,
Azure,Networking,az_Public_IP_Addresses,false,cloud,terminal,az_Public_IP_Addresses,icons/Azure_Public_Service_Icons/Networking/10069-icon-service-Public-IP-Addresses.svg,,
Azure,Networking,az_Route_Filters,false,cloud,terminal,az_Route_Filters,icons/Azure_Public_Service_Icons/Networking/10071-icon-service-Route-Filters.svg,,
Azure,Networking,az_DDoS_Protection_Plans,false,cloud,terminal,az_DDoS_Protection_Plans,icons/Azure_Public_Service_Icons/Networking/10072-icon-service-DDoS-Protection-Plans.svg,,
Azure,Networking,az_Front_Doors,false,cloud,terminal,az_Front_Doors,icons/Azure_Public_Service_Icons/Networking/10073-icon-service-Front-Doors.svg,,
Azure,Networking,az_Virtual_Networks_(Classic),false,cloud,terminal,az_Virtual_Networks_(Classic),icons/Azure_Public_Service_Icons/Networking/10075-icon-service-Virtual-Networks-(Classic).svg,,
Google Cloud Platform,Management Tools,gcp_Cloud_APIs,false,cloud,terminal,gcp_Cloud_APIs,icons/GCP Icons/Products and services/Management Tools/Cloud APIs.svg,,
Azure,Networking,az_ExpressRoute_Circuits,false,cloud,terminal,az_ExpressRoute_Circuits,icons/Azure_Public_Service_Icons/Networking/10079-icon-service-ExpressRoute-Circuits.svg,,
Azure,Networking,az_Network_Interfaces,false,cloud,terminal,az_Network_Interfaces,icons/Azure_Public_Service_Icons/Networking/10080-icon-service-Network-Interfaces.svg,,
Google Cloud Platform,Management Tools,gcp_Cloud_Billing_API,false,cloud,terminal,gcp_Cloud_Billing_API,icons/GCP Icons/Products and services/Management Tools/Cloud Billing API.svg,,
Azure,Networking,az_Connections,false,cloud,terminal,az_Connections,icons/Azure_Public_Service_Icons/Networking/10081-icon-service-Connections.svg,,
Azure,Networking,az_Application_Security_Groups,false,cloud,terminal,az_Application_Security_Groups,icons/Azure_Public_Service_Icons/Networking/10083-icon-service-Application-Security-Groups.svg,,
Google Cloud Platform,Management Tools,gcp_Cloud_Console,false,cloud,terminal,gcp_Cloud_Console,icons/GCP Icons/Products and services/Management Tools/Cloud Console.svg,,
Azure,Networking,az_Service_Endpoint_Policies,false,cloud,terminal,az_Service_Endpoint_Policies,icons/Azure_Public_Service_Icons/Networking/10085-icon-service-Service-Endpoint-Policies.svg,,
Azure,Networking,az_NAT,false,cloud,terminal,az_NAT,icons/Azure_Public_Service_Icons/Networking/10310-icon-service-NAT.svg,,
Google Cloud Platform,Management Tools,gcp_Cloud_Deployment_Manager,false,cloud,terminal,gcp_Cloud_Deployment_Manager,icons/GCP Icons/Products and services/Management Tools/Cloud Deployment Manager.svg,,
Azure,Networking,az_Web_Application_Firewall_Policies(WAF),false,cloud,terminal,az_Web_Application_Firewall_Policies(WAF),icons/Azure_Public_Service_Icons/Networking/10362-icon-service-Web-Application-Firewall-Policies(WAF).svg,,
Azure,Networking,az_Proximity_Placement_Groups,false,cloud,terminal,az_Proximity_Placement_Groups,icons/Azure_Public_Service_Icons/Networking/10365-icon-service-Proximity-Placement-Groups.svg,,
Google Cloud Platform,Management Tools,gcp_Cloud_Mobile_App,false,cloud,terminal,gcp_Cloud_Mobile_App,icons/GCP Icons/Products and services/Management Tools/Cloud Mobile App.svg,,
Azure,Networking,az_Reserved_IP_Addresses_(Classic),false,cloud,terminal,az_Reserved_IP_Addresses_(Classic),icons/Azure_Public_Service_Icons/Networking/10371-icon-service-Reserved-IP-Addresses-(Classic).svg,,
Azure,Networking,az_Public_IP_Prefixes,false,cloud,terminal,az_Public_IP_Prefixes,icons/Azure_Public_Service_Icons/Networking/10372-icon-service-Public-IP-Prefixes.svg,,
Google Cloud Platform,Management Tools,gcp_Cloud_Service_Mesh,false,cloud,terminal,gcp_Cloud_Service_Mesh,icons/GCP Icons/Products and services/Management Tools/Cloud Service Mesh.svg,,
Google Cloud Platform,Management Tools,gcp_Cloud_Shell,false,cloud,terminal,gcp_Cloud_Shell,icons/GCP Icons/Products and services/Management Tools/Cloud Shell.svg,,
Google Cloud Platform,Management Tools,gcp_Debugger,false,cloud,terminal,gcp_Debugger,icons/GCP Icons/Products and services/Management Tools/Debugger.svg,,
Google Cloud Platform,Management Tools,gcp_Error_Reporting,false,cloud,terminal,gcp_Error_Reporting,icons/GCP Icons/Products and services/Management Tools/Error Reporting.svg,,
Google Cloud Platform,Management Tools,gcp_Logging,false,cloud,terminal,gcp_Logging,icons/GCP Icons/Products and services/Management Tools/Logging.svg,,
Google Cloud Platform,Management Tools,gcp_Monitoring,false,cloud,terminal,gcp_Monitoring,icons/GCP Icons/Products and services/Management Tools/Monitoring.svg,,
Azure,Mixed Reality,az_Remote_Rendering,false,cloud,terminal,az_Remote_Rendering,icons/Azure_Public_Service_Icons/Mixed Reality/00698-icon-service-Remote-Rendering.svg,,
Google Cloud Platform,Management Tools,gcp_Profiler,false,cloud,terminal,gcp_Profiler,icons/GCP Icons/Products and services/Management Tools/Profiler.svg,,
Google Cloud Platform,Management Tools,gcp_Stackdriver,false,cloud,terminal,gcp_Stackdriver,icons/GCP Icons/Products and services/Management Tools/Stackdriver.svg,,
Google Cloud Platform,Management Tools,gcp_Trace,false,cloud,terminal,gcp_Trace,icons/GCP Icons/Products and services/Management Tools/Trace.svg,,
Azure,Migrate,az_Recovery_Services_Vaults,false,cloud,terminal,az_Recovery_Services_Vaults,icons/Azure_Public_Service_Icons/Migrate/00017-icon-service-Recovery-Services-Vaults.svg,,
Azure,Migrate,az_Data_Box,false,cloud,terminal,az_Data_Box,icons/Azure_Public_Service_Icons/Migrate/10094-icon-service-Data-Box.svg,,
Azure,Migrate,az_Data_Box_Edge,false,cloud,terminal,az_Data_Box_Edge,icons/Azure_Public_Service_Icons/Migrate/10095-icon-service-Data-Box-Edge.svg,,
Google Cloud Platform,Internet of Things,gcp_Cloud_IoT_Core,false,cloud,terminal,gcp_Cloud_IoT_Core,icons/GCP Icons/Products and services/Internet of Things/Cloud IoT Core.svg,,
Azure,Management + Governance,az_Monitor,false,cloud,terminal,az_Monitor,icons/Azure_Public_Service_Icons/Management + Governance/00001-icon-service-Monitor.svg,,
Azure,Management + Governance,az_Alerts,false,cloud,terminal,az_Alerts,icons/Azure_Public_Service_Icons/Management + Governance/00002-icon-service-Alerts.svg,,
Azure,Management + Governance,az_Advisor,false,cloud,terminal,az_Advisor,icons/Azure_Public_Service_Icons/Management + Governance/00003-icon-service-Advisor.svg,,
Google Cloud Platform,Hybrid and Multi Cloud,gcp_Stackdriver,false,cloud,terminal,gcp_Stackdriver,icons/GCP Icons/Products and services/Hybrid and Multi Cloud/Stackdriver.svg,,
Azure,Management + Governance,az_User_Privacy,false,cloud,terminal,az_User_Privacy,icons/Azure_Public_Service_Icons/Management + Governance/00005-icon-service-User-Privacy.svg,,
Azure,Management + Governance,az_Blueprints,false,cloud,terminal,az_Blueprints,icons/Azure_Public_Service_Icons/Management + Governance/00006-icon-service-Blueprints.svg,,
Google Cloud Platform,Hybrid and Multi Cloud,gcp_Traffic_Director,false,cloud,terminal,gcp_Traffic_Director,icons/GCP Icons/Products and services/Hybrid and Multi Cloud/Traffic Director.svg,,
Azure,Management + Governance,az_Activity_Log,false,cloud,terminal,az_Activity_Log,icons/Azure_Public_Service_Icons/Management + Governance/00007-icon-service-Activity-Log.svg,,
Azure,Management + Governance,az_Diagnostics_Settings,false,cloud,terminal,az_Diagnostics_Settings,icons/Azure_Public_Service_Icons/Management + Governance/00008-icon-service-Diagnostics-Settings.svg,,
Azure,Management + Governance,az_Log_Analytics_Workspaces,false,cloud,terminal,az_Log_Analytics_Workspaces,icons/Azure_Public_Service_Icons/Management + Governance/00009-icon-service-Log-Analytics-Workspaces.svg,,
Azure,Management + Governance,az_Application_Insights,false,cloud,terminal,az_Application_Insights,icons/Azure_Public_Service_Icons/Management + Governance/00012-icon-service-Application-Insights.svg,,
Azure,Management + Governance,az_My_Customers,false,cloud,terminal,az_My_Customers,icons/Azure_Public_Service_Icons/Management + Governance/00014-icon-service-My-Customers.svg,,
Azure,Management + Governance,az_Managed_Applications_Center,false,cloud,terminal,az_Managed_Applications_Center,icons/Azure_Public_Service_Icons/Management + Governance/00015-icon-service-Managed-Applications-Center.svg,,
Azure,Management + Governance,az_Recovery_Services_Vaults,false,cloud,terminal,az_Recovery_Services_Vaults,icons/Azure_Public_Service_Icons/Management + Governance/00017-icon-service-Recovery-Services-Vaults.svg,,
Azure,Management + Governance,az_Policy,false,cloud,terminal,az_Policy,icons/Azure_Public_Service_Icons/Management + Governance/00018-icon-service-Policy.svg,,
Azure,Management + Governance,az_Resource_Graph_Explorer,false,cloud,terminal,az_Resource_Graph_Explorer,icons/Azure_Public_Service_Icons/Management + Governance/00019-icon-service-Resource-Graph-Explorer.svg,,
Azure,Management + Governance,az_Metrics,false,cloud,terminal,az_Metrics,icons/Azure_Public_Service_Icons/Management + Governance/00020-icon-service-Metrics.svg,,
Google Cloud Platform,Developer Tools,gcp_Cloud_Build,false,cloud,terminal,gcp_Cloud_Build,icons/GCP Icons/Products and services/Developer Tools/Cloud Build.svg,,
Azure,Management + Governance,az_Solutions,false,cloud,terminal,az_Solutions,icons/Azure_Public_Service_Icons/Management + Governance/00021-icon-service-Solutions.svg,,
Azure,Management + Governance,az_Automation_Accounts,false,cloud,terminal,az_Automation_Accounts,icons/Azure_Public_Service_Icons/Management + Governance/00022-icon-service-Automation-Accounts.svg,,
Google Cloud Platform,Developer Tools,gcp_Cloud_Code_for_IntelliJ,false,cloud,terminal,gcp_Cloud_Code_for_IntelliJ,icons/GCP Icons/Products and services/Developer Tools/Cloud Code for IntelliJ.svg,,
Azure,Management + Governance,az_Network_Watcher,false,cloud,terminal,az_Network_Watcher,icons/Azure_Public_Service_Icons/Management + Governance/00023-icon-service-Network-Watcher.svg,,
Azure,Management + Governance,az_Operation_Log_(Classic),false,cloud,terminal,az_Operation_Log_(Classic),icons/Azure_Public_Service_Icons/Management + Governance/00024-icon-service-Operation-Log-(Classic).svg,,
Google Cloud Platform,Developer Tools,gcp_Cloud_Code,false,cloud,terminal,gcp_Cloud_Code,icons/GCP Icons/Products and services/Developer Tools/Cloud Code.svg,,
Azure,Management + Governance,az_Service_Providers,false,cloud,terminal,az_Service_Providers,icons/Azure_Public_Service_Icons/Management + Governance/00025-icon-service-Service-Providers.svg,,
Google Cloud Platform,Developer Tools,gcp_Cloud_Scheduler,false,cloud,terminal,gcp_Cloud_Scheduler,icons/GCP Icons/Products and services/Developer Tools/Cloud Scheduler.svg,,
Azure,Management + Governance,az_Education,false,cloud,terminal,az_Education,icons/Azure_Public_Service_Icons/Management + Governance/00026-icon-service-Education.svg,,
Azure,Management + Governance,az_Azure_Lighthouse,false,cloud,terminal,az_Azure_Lighthouse,icons/Azure_Public_Service_Icons/Management + Governance/00471-icon-service-Azure-Lighthouse.svg,,
Google Cloud Platform,Developer Tools,gcp_Cloud_SDK,false,cloud,terminal,gcp_Cloud_SDK,icons/GCP Icons/Products and services/Developer Tools/Cloud SDK.svg,,
Azure,Management + Governance,az_Azure_Arc,false,cloud,terminal,az_Azure_Arc,icons/Azure_Public_Service_Icons/Management + Governance/00756-icon-service-Azure-Arc.svg,,
Azure,Management + Governance,az_User_Privacy,false,cloud,terminal,az_User_Privacy,icons/Azure_Public_Service_Icons/Management + Governance/10303-icon-service-User-Privacy.svg,,
Google Cloud Platform,Developer Tools,gcp_Cloud_Source_Repositories,false,cloud,terminal,gcp_Cloud_Source_Repositories,icons/GCP Icons/Products and services/Developer Tools/Cloud Source Repositories.svg,,
Azure,Management + Governance,az_Managed_Applications_Center,false,cloud,terminal,az_Managed_Applications_Center,icons/Azure_Public_Service_Icons/Management + Governance/10313-icon-service-Managed-Applications-Center.svg,,
Azure,Management + Governance,az_Policy,false,cloud,terminal,az_Policy,icons/Azure_Public_Service_Icons/Management + Governance/10316-icon-service-Policy.svg,,
Google Cloud Platform,Developer Tools,gcp_Cloud_Tasks,false,cloud,terminal,gcp_Cloud_Tasks,icons/GCP Icons/Products and services/Developer Tools/Cloud Tasks.svg,,
Azure,Management + Governance,az_MachinesAzureArc,false,cloud,terminal,az_MachinesAzureArc,icons/Azure_Public_Service_Icons/Management + Governance/10450-icon-service-MachinesAzureArc.svg,,
Google Cloud Platform,Developer Tools,gcp_Cloud_Test_Lab,false,cloud,terminal,gcp_Cloud_Test_Lab,icons/GCP Icons/Products and services/Developer Tools/Cloud Test Lab.svg,,
Google Cloud Platform,Developer Tools,gcp_Cloud_Tools_for_Eclipse,false,cloud,terminal,gcp_Cloud_Tools_for_Eclipse,icons/GCP Icons/Products and services/Developer Tools/Cloud Tools for Eclipse.svg,,
Google Cloud Platform,Developer Tools,gcp_Cloud_Tools_for_PowerShell,false,cloud,terminal,gcp_Cloud_Tools_for_PowerShell,icons/GCP Icons/Products and services/Developer Tools/Cloud Tools for PowerShell.svg,,
Google Cloud Platform,Developer Tools,gcp_Cloud_Tools_for_Visual_Studio,false,cloud,terminal,gcp_Cloud_Tools_for_Visual_Studio,icons/GCP Icons/Products and services/Developer Tools/Cloud Tools for Visual Studio.svg,,
Azure,IoT,az_Event_Hubs,false,cloud,terminal,az_Event_Hubs,icons/Azure_Public_Service_Icons/IoT/00039-icon-service-Event-Hubs.svg,,
Azure,IoT,az_Stream_Analytics_Jobs,false,cloud,terminal,az_Stream_Analytics_Jobs,icons/Azure_Public_Service_Icons/IoT/00042-icon-service-Stream-Analytics-Jobs.svg,,
Google Cloud Platform,Developer Tools,gcp_Container_Registry,false,cloud,terminal,gcp_Container_Registry,icons/GCP Icons/Products and services/Developer Tools/Container Registry.svg,,
Azure,IoT,az_Notification_Hub_Namespaces,false,cloud,terminal,az_Notification_Hub_Namespaces,icons/Azure_Public_Service_Icons/IoT/00053-icon-service-Notification-Hub-Namespaces.svg,,
Azure,IoT,az_Notification_Hubs,false,cloud,terminal,az_Notification_Hubs,icons/Azure_Public_Service_Icons/IoT/00057-icon-service-Notification-Hubs.svg,,
Google Cloud Platform,Developer Tools,gcp_Gradle_App_Engine_Plugin,false,cloud,terminal,gcp_Gradle_App_Engine_Plugin,icons/GCP Icons/Products and services/Developer Tools/Gradle App Engine Plugin.svg,,
Azure,IoT,az_Function_Apps,false,cloud,terminal,az_Function_Apps,icons/Azure_Public_Service_Icons/IoT/10029-icon-service-Function-Apps.svg,,
Azure,IoT,az_Notification_Hubs,false,cloud,terminal,az_Notification_Hubs,icons/Azure_Public_Service_Icons/IoT/10045-icon-service-Notification-Hubs.svg,,
Google Cloud Platform,Developer Tools,gcp_IDE_Plugins,false,cloud,terminal,gcp_IDE_Plugins,icons/GCP Icons/Products and services/Developer Tools/IDE Plugins.svg,,
Azure,IoT,az_Event_Grid_Subscriptions,false,cloud,terminal,az_Event_Grid_Subscriptions,icons/Azure_Public_Service_Icons/IoT/10183-icon-service-Event-Grid-Subscriptions.svg,,
Azure,IoT,az_IoT_Central_Applications,false,cloud,terminal,az_IoT_Central_Applications,icons/Azure_Public_Service_Icons/IoT/10184-icon-service-IoT-Central-Applications.svg,,
Google Cloud Platform,Developer Tools,gcp_Maven_App_Engine_Plugin,false,cloud,terminal,gcp_Maven_App_Engine_Plugin,icons/GCP Icons/Products and services/Developer Tools/Maven App Engine Plugin.svg,,
Azure,IoT,az_Logic_Apps,false,cloud,terminal,az_Logic_Apps,icons/Azure_Public_Service_Icons/IoT/10201-icon-service-Logic-Apps.svg,,
Azure,Intune,az_Device_Security_Apple,false,cloud,terminal,az_Device_Security_Apple,icons/Azure_Public_Service_Icons/Intune/00399-icon-service-Device-Security-Apple.svg,,
Google Cloud Platform,Databases,gcp_Cloud_Bigtable,false,cloud,terminal,gcp_Cloud_Bigtable,icons/GCP Icons/Products and services/Databases/Cloud Bigtable.svg,,
Azure,Intune,az_Device_Security_Google,false,cloud,terminal,az_Device_Security_Google,icons/Azure_Public_Service_Icons/Intune/00399-icon-service-Device-Security-Google.svg,,
Azure,Intune,az_Device_Security_Windows,false,cloud,terminal,az_Device_Security_Windows,icons/Azure_Public_Service_Icons/Intune/00399-icon-service-Device-Security-Windows.svg,,
Google Cloud Platform,Databases,gcp_Cloud_Datastore,false,cloud,terminal,gcp_Cloud_Datastore,icons/GCP Icons/Products and services/Databases/Cloud Datastore.svg,,
Google Cloud Platform,Databases,gcp_Cloud_Firestore,false,cloud,terminal,gcp_Cloud_Firestore,icons/GCP Icons/Products and services/Databases/Cloud Firestore.svg,,
Google Cloud Platform,Databases,gcp_Cloud_Memorystore,false,cloud,terminal,gcp_Cloud_Memorystore,icons/GCP Icons/Products and services/Databases/Cloud Memorystore.svg,,
Google Cloud Platform,Databases,gcp_Cloud_Spanner,false,cloud,terminal,gcp_Cloud_Spanner,icons/GCP Icons/Products and services/Databases/Cloud Spanner.svg,,
Google Cloud Platform,Databases,gcp_Cloud_SQL,false,cloud,terminal,gcp_Cloud_SQL,icons/GCP Icons/Products and services/Databases/Cloud SQL.svg,,
Azure,Integration,az_SQL_Data_Warehouses,false,cloud,terminal,az_SQL_Data_Warehouses,icons/Azure_Public_Service_Icons/Integration/00036-icon-service-SQL-Data-Warehouses.svg,,
Azure,Integration,az_Data_Factory,false,cloud,terminal,az_Data_Factory,icons/Azure_Public_Service_Icons/Integration/00041-icon-service-Data-Factory.svg,,
Azure,Integration,az_API_Management_Services,false,cloud,terminal,az_API_Management_Services,icons/Azure_Public_Service_Icons/Integration/10042-icon-service-API-Management-Services.svg,,
Azure,Integration,az_Logic_Apps,false,cloud,terminal,az_Logic_Apps,icons/Azure_Public_Service_Icons/Integration/10201-icon-service-Logic-Apps.svg,,
Google Cloud Platform,Data Analytics,gcp_BigQuery,false,cloud,terminal,gcp_BigQuery,icons/GCP Icons/Products and services/Data Analytics/BigQuery.svg,,
Azure,Integration,az_Event_Grid_Topics,false,cloud,terminal,az_Event_Grid_Topics,icons/Azure_Public_Service_Icons/Integration/10206-icon-service-Event-Grid-Topics.svg,,
Azure,Integration,az_Relays,false,cloud,terminal,az_Relays,icons/Azure_Public_Service_Icons/Integration/10209-icon-service-Relays.svg,,
Google Cloud Platform,Data Analytics,gcp_Cloud_Composer,false,cloud,terminal,gcp_Cloud_Composer,icons/GCP Icons/Products and services/Data Analytics/Cloud Composer.svg,,
Azure,Integration,az_Service_Bus,false,cloud,terminal,az_Service_Bus,icons/Azure_Public_Service_Icons/Integration/10214-icon-service-Service-Bus.svg,,
Azure,Integration,az_Event_Grid_Domains,false,cloud,terminal,az_Event_Grid_Domains,icons/Azure_Public_Service_Icons/Integration/10215-icon-service-Event-Grid-Domains.svg,,
Google Cloud Platform,Data Analytics,gcp_Cloud_Data_Catalog,false,cloud,terminal,gcp_Cloud_Data_Catalog,icons/GCP Icons/Products and services/Data Analytics/Cloud Data Catalog.svg,,
Azure,Integration,az_Azure_Data_Catalog,false,cloud,terminal,az_Azure_Data_Catalog,icons/Azure_Public_Service_Icons/Integration/10216-icon-service-Azure-Data-Catalog.svg,,
Azure,Integration,az_Integration_Accounts,false,cloud,terminal,az_Integration_Accounts,icons/Azure_Public_Service_Icons/Integration/10218-icon-service-Integration-Accounts.svg,,
Google Cloud Platform,Data Analytics,gcp_Cloud_Data_Fusion,false,cloud,terminal,gcp_Cloud_Data_Fusion,icons/GCP Icons/Products and services/Data Analytics/Cloud Data Fusion.svg,,
Azure,Integration,az_Event_Grid_Subscriptions,false,cloud,terminal,az_Event_Grid_Subscriptions,icons/Azure_Public_Service_Icons/Integration/10221-icon-service-Event-Grid-Subscriptions.svg,,
Google Cloud Platform,Data Analytics,gcp_Cloud_Dataflow,false,cloud,terminal,gcp_Cloud_Dataflow,icons/GCP Icons/Products and services/Data Analytics/Cloud Dataflow.svg,,
Google Cloud Platform,Data Analytics,gcp_Cloud_Datalab,false,cloud,terminal,gcp_Cloud_Datalab,icons/GCP Icons/Products and services/Data Analytics/Cloud Datalab.svg,,
Google Cloud Platform,Data Analytics,gcp_Cloud_Dataprep,false,cloud,terminal,gcp_Cloud_Dataprep,icons/GCP Icons/Products and services/Data Analytics/Cloud Dataprep.svg,,
Google Cloud Platform,Data Analytics,gcp_Cloud_Dataproc,false,cloud,terminal,gcp_Cloud_Dataproc,icons/GCP Icons/Products and services/Data Analytics/Cloud Dataproc.svg,,
Google Cloud Platform,Data Analytics,gcp_Cloud_PubSub,false,cloud,terminal,gcp_Cloud_PubSub,icons/GCP Icons/Products and services/Data Analytics/Cloud PubSub.svg,,
Google Cloud Platform,Data Analytics,gcp_Genomics,false,cloud,terminal,gcp_Genomics,icons/GCP Icons/Products and services/Data Analytics/Genomics.svg,,
Azure,Identity,az_Azure_Active_Directory,false,cloud,terminal,az_Azure_Active_Directory,icons/Azure_Public_Service_Icons/Identity/10221-icon-service-Azure-Active-Directory.svg,,
Azure,Identity,az_Azure_AD_Domain_Services,false,cloud,terminal,az_Azure_AD_Domain_Services,icons/Azure_Public_Service_Icons/Identity/10222-icon-service-Azure-AD-Domain-Services.svg,,
Azure,Identity,az_Groups,false,cloud,terminal,az_Groups,icons/Azure_Public_Service_Icons/Identity/10223-icon-service-Groups.svg,,
Azure,Identity,az_Active_Directory_Connect_Health,false,cloud,terminal,az_Active_Directory_Connect_Health,icons/Azure_Public_Service_Icons/Identity/10224-icon-service-Active-Directory-Connect-Health.svg,,
Azure,Identity,az_Enterprise_Applications,false,cloud,terminal,az_Enterprise_Applications,icons/Azure_Public_Service_Icons/Identity/10225-icon-service-Enterprise-Applications.svg,,
Google Cloud Platform,Compute,gcp_App_Engine,false,cloud,terminal,gcp_App_Engine,icons/GCP Icons/Products and services/Compute/App Engine.svg,,
Azure,Identity,az_Users,false,cloud,terminal,az_Users,icons/Azure_Public_Service_Icons/Identity/10230-icon-service-Users.svg,,
Azure,Identity,az_App_Registrations,false,cloud,terminal,az_App_Registrations,icons/Azure_Public_Service_Icons/Identity/10232-icon-service-App-Registrations.svg,,
Google Cloud Platform,Compute,gcp_Cloud_Functions,false,cloud,terminal,gcp_Cloud_Functions,icons/GCP Icons/Products and services/Compute/Cloud Functions.svg,,
Azure,Identity,az_Identity_Governance,false,cloud,terminal,az_Identity_Governance,icons/Azure_Public_Service_Icons/Identity/10235-icon-service-Identity-Governance.svg,,
Google Cloud Platform,Compute,gcp_Cloud_Run,false,cloud,terminal,gcp_Cloud_Run,icons/GCP Icons/Products and services/Compute/Cloud Run.svg,,
Google Cloud Platform,Compute,gcp_Compute_Engine,false,cloud,terminal,gcp_Compute_Engine,icons/GCP Icons/Products and services/Compute/Compute Engine.svg,,
Google Cloud Platform,Compute,gcp_Container_Optimized_OS,false,cloud,terminal,gcp_Container_Optimized_OS,icons/GCP Icons/Products and services/Compute/Container-Optimized OS.svg,,
Google Cloud Platform,Compute,gcp_GKE_On_Prem,false,cloud,terminal,gcp_GKE_On_Prem,icons/GCP Icons/Products and services/Compute/GKE On-Prem.svg,,
Google Cloud Platform,Compute,gcp_GPU,false,cloud,terminal,gcp_GPU,icons/GCP Icons/Products and services/Compute/GPU.svg,,
Google Cloud Platform,Compute,gcp_Kubetnetes_Engine,false,cloud,terminal,gcp_Kubetnetes_Engine,icons/GCP Icons/Products and services/Compute/Kubetnetes Engine.svg,,
Azure,General,az_All_Resources,false,cloud,terminal,az_All_Resources,icons/Azure_Public_Service_Icons/General/10001-icon-service-All-Resources.svg,,
Azure,General,az_Subscriptions,false,cloud,terminal,az_Subscriptions,icons/Azure_Public_Service_Icons/General/10002-icon-service-Subscriptions.svg,,
Azure,General,az_Service_Health,false,cloud,terminal,az_Service_Health,icons/Azure_Public_Service_Icons/General/10004-icon-service-Service-Health.svg,,
Azure,General,az_Information,false,cloud,terminal,az_Information,icons/Azure_Public_Service_Icons/General/10005-icon-service-Information.svg,,
Azure,General,az_Recent,false,cloud,terminal,az_Recent,icons/Azure_Public_Service_Icons/General/10006-icon-service-Recent.svg,,
Google Cloud Platform,API Management,gcp_API_Analytics,false,cloud,terminal,gcp_API_Analytics,icons/GCP Icons/Products and services/API Management/API Analytics.svg,,
Azure,General,az_Resource_Groups,false,cloud,terminal,az_Resource_Groups,icons/Azure_Public_Service_Icons/General/10007-icon-service-Resource-Groups.svg,,
Azure,General,az_Marketplace,false,cloud,terminal,az_Marketplace,icons/Azure_Public_Service_Icons/General/10008-icon-service-Marketplace.svg,,
Google Cloud Platform,API Management,gcp_API_Monetization,false,cloud,terminal,gcp_API_Monetization,icons/GCP Icons/Products and services/API Management/API Monetization.svg,,
Azure,General,az_Quickstart_Center,false,cloud,terminal,az_Quickstart_Center,icons/Azure_Public_Service_Icons/General/10010-icon-service-Quickstart-Center.svg,,
Azure,General,az_Management_Groups,false,cloud,terminal,az_Management_Groups,icons/Azure_Public_Service_Icons/General/10011-icon-service-Management-Groups.svg,,
Google Cloud Platform,API Management,gcp_Apigee_API_Platform,false,cloud,terminal,gcp_Apigee_API_Platform,icons/GCP Icons/Products and services/API Management/Apigee API Platform.svg,,
Azure,General,az_Help_and_Support,false,cloud,terminal,az_Help_and_Support,icons/Azure_Public_Service_Icons/General/10013-icon-service-Help-and-Support.svg,,
Azure,General,az_Dashboard,false,cloud,terminal,az_Dashboard,icons/Azure_Public_Service_Icons/General/10015-icon-service-Dashboard.svg,,
Google Cloud Platform,API Management,gcp_Apigee_Sense,false,cloud,terminal,gcp_Apigee_Sense,icons/GCP Icons/Products and services/API Management/Apigee Sense.svg,,
Azure,General,az_Cost_Management,false,cloud,terminal,az_Cost_Management,icons/Azure_Public_Service_Icons/General/10019-icon-service-Cost-Management.svg,,
Azure,General,az_Biz_Talk,false,cloud,terminal,az_Biz_Talk,icons/Azure_Public_Service_Icons/General/10779-icon-service-Biz-Talk.svg,,
Google Cloud Platform,API Management,gcp_Cloud_Endpoints,false,cloud,terminal,gcp_Cloud_Endpoints,icons/GCP Icons/Products and services/API Management/Cloud Endpoints.svg,,
Azure,General,az_Blob_Block,false,cloud,terminal,az_Blob_Block,icons/Azure_Public_Service_Icons/General/10780-icon-service-Blob-Block.svg,,
Azure,General,az_Blob_Page,false,cloud,terminal,az_Blob_Page,icons/Azure_Public_Service_Icons/General/10781-icon-service-Blob-Page.svg,,
Google Cloud Platform,API Management,gcp_Developer_Portal,false,cloud,terminal,gcp_Developer_Portal,icons/GCP Icons/Products and services/API Management/Developer Portal.svg,,
Azure,General,az_Branch,false,cloud,terminal,az_Branch,icons/Azure_Public_Service_Icons/General/10782-icon-service-Branch.svg,,
Azure,General,az_Browser,false,cloud,terminal,az_Browser,icons/Azure_Public_Service_Icons/General/10783-icon-service-Browser.svg,,
Azure,General,az_Bug,false,cloud,terminal,az_Bug,icons/Azure_Public_Service_Icons/General/10784-icon-service-Bug.svg,,
Azure,General,az_Builds,false,cloud,terminal,az_Builds,icons/Azure_Public_Service_Icons/General/10785-icon-service-Builds.svg,,
Azure,General,az_Cache,false,cloud,terminal,az_Cache,icons/Azure_Public_Service_Icons/General/10786-icon-service-Cache.svg,,
Azure,General,az_Code,false,cloud,terminal,az_Code,icons/Azure_Public_Service_Icons/General/10787-icon-service-Code.svg,,
Azure,General,az_Commit,false,cloud,terminal,az_Commit,icons/Azure_Public_Service_Icons/General/10788-icon-service-Commit.svg,,
Google Cloud Platform,AI and Machine Learning,gcp_Advanced_Solutions_Lab,false,cloud,terminal,gcp_Advanced_Solutions_Lab,icons/GCP Icons/Products and services/AI and Machine Learning/Advanced Solutions Lab.svg,,
Azure,General,az_Controls,false,cloud,terminal,az_Controls,icons/Azure_Public_Service_Icons/General/10789-icon-service-Controls.svg,,
Azure,General,az_Controls_Horizontal,false,cloud,terminal,az_Controls_Horizontal,icons/Azure_Public_Service_Icons/General/10790-icon-service-Controls-Horizontal.svg,,
Google Cloud Platform,AI and Machine Learning,gcp_AI_Hub,false,cloud,terminal,gcp_AI_Hub,icons/GCP Icons/Products and services/AI and Machine Learning/AI Hub.svg,,
Azure,General,az_Cost_Alerts,false,cloud,terminal,az_Cost_Alerts,icons/Azure_Public_Service_Icons/General/10791-icon-service-Cost-Alerts.svg,,
Azure,General,az_Cost_Analysis,false,cloud,terminal,az_Cost_Analysis,icons/Azure_Public_Service_Icons/General/10792-icon-service-Cost-Analysis.svg,,
Google Cloud Platform,AI and Machine Learning,gcp_AI_Platform_Data_Labeling_Service,false,cloud,terminal,gcp_AI_Platform_Data_Labeling_Service,icons/GCP Icons/Products and services/AI and Machine Learning/AI Platform Data Labeling Service.svg,,
Azure,General,az_Cost_Budgets,false,cloud,terminal,az_Cost_Budgets,icons/Azure_Public_Service_Icons/General/10793-icon-service-Cost-Budgets.svg,,
Azure,General,az_Counter,false,cloud,terminal,az_Counter,icons/Azure_Public_Service_Icons/General/10794-icon-service-Counter.svg,,
Google Cloud Platform,AI and Machine Learning,gcp_AI_Platform,false,cloud,terminal,gcp_AI_Platform,icons/GCP Icons/Products and services/AI and Machine Learning/AI Platform.svg,,
Azure,General,az_Cubes,false,cloud,terminal,az_Cubes,icons/Azure_Public_Service_Icons/General/10795-icon-service-Cubes.svg,,
Azure,General,az_Dev_Console,false,cloud,terminal,az_Dev_Console,icons/Azure_Public_Service_Icons/General/10796-icon-service-Dev-Console.svg,,
Google Cloud Platform,AI and Machine Learning,gcp_AutoML_Natural_Language,false,cloud,terminal,gcp_AutoML_Natural_Language,icons/GCP Icons/Products and services/AI and Machine Learning/AutoML Natural Language.svg,,
Azure,General,az_Download,false,cloud,terminal,az_Download,icons/Azure_Public_Service_Icons/General/10797-icon-service-Download.svg,,
Azure,General,az_Error,false,cloud,terminal,az_Error,icons/Azure_Public_Service_Icons/General/10798-icon-service-Error.svg,,
Google Cloud Platform,AI and Machine Learning,gcp_AutoML_Tables,false,cloud,terminal,gcp_AutoML_Tables,icons/GCP Icons/Products and services/AI and Machine Learning/AutoML Tables.svg,,
Azure,General,az_Extensions,false,cloud,terminal,az_Extensions,icons/Azure_Public_Service_Icons/General/10799-icon-service-Extensions.svg,,
Azure,General,az_File,false,cloud,terminal,az_File,icons/Azure_Public_Service_Icons/General/10800-icon-service-File.svg,,
Google Cloud Platform,AI and Machine Learning,gcp_AutoML_Translation,false,cloud,terminal,gcp_AutoML_Translation,icons/GCP Icons/Products and services/AI and Machine Learning/AutoML Translation.svg,,
Azure,General,az_Files,false,cloud,terminal,az_Files,icons/Azure_Public_Service_Icons/General/10801-icon-service-Files.svg,,
Azure,General,az_Folder_Blank,false,cloud,terminal,az_Folder_Blank,icons/Azure_Public_Service_Icons/General/10802-icon-service-Folder-Blank.svg,,
Google Cloud Platform,AI and Machine Learning,gcp_AutoML_Video_Intelligence,false,cloud,terminal,gcp_AutoML_Video_Intelligence,icons/GCP Icons/Products and services/AI and Machine Learning/AutoML Video Intelligence.svg,,
Azure,General,az_Folder_Website,false,cloud,terminal,az_Folder_Website,icons/Azure_Public_Service_Icons/General/10803-icon-service-Folder-Website.svg,,
Azure,General,az_FTP,false,cloud,terminal,az_FTP,icons/Azure_Public_Service_Icons/General/10804-icon-service-FTP.svg,,
Google Cloud Platform,AI and Machine Learning,gcp_AutoML_Vision,false,cloud,terminal,gcp_AutoML_Vision,icons/GCP Icons/Products and services/AI and Machine Learning/AutoML Vision.svg,,
Azure,General,az_Gear,false,cloud,terminal,az_Gear,icons/Azure_Public_Service_Icons/General/10805-icon-service-Gear.svg,,
Azure,General,az_Globe,false,cloud,terminal,az_Globe,icons/Azure_Public_Service_Icons/General/10806-icon-service-Globe.svg,,
Google Cloud Platform,AI and Machine Learning,gcp_Cloud_AutoML,false,cloud,terminal,gcp_Cloud_AutoML,icons/GCP Icons/Products and services/AI and Machine Learning/Cloud AutoML.svg,,
Azure,General,az_Globe_Error,false,cloud,terminal,az_Globe_Error,icons/Azure_Public_Service_Icons/General/10807-icon-service-Globe-Error.svg,,
Azure,General,az_Globe_Success,false,cloud,terminal,az_Globe_Success,icons/Azure_Public_Service_Icons/General/10808-icon-service-Globe-Success.svg,,
Google Cloud Platform,AI and Machine Learning,gcp_Cloud_Inference_API,false,cloud,terminal,gcp_Cloud_Inference_API,icons/GCP Icons/Products and services/AI and Machine Learning/Cloud Inference API.svg,,
Azure,General,az_Globe_Warning,false,cloud,terminal,az_Globe_Warning,icons/Azure_Public_Service_Icons/General/10809-icon-service-Globe-Warning.svg,,
Azure,General,az_Guide,false,cloud,terminal,az_Guide,icons/Azure_Public_Service_Icons/General/10810-icon-service-Guide.svg,,
Google Cloud Platform,AI and Machine Learning,gcp_Cloud_Jobs_API,false,cloud,terminal,gcp_Cloud_Jobs_API,icons/GCP Icons/Products and services/AI and Machine Learning/Cloud Jobs API.svg,,
Azure,General,az_Heart,false,cloud,terminal,az_Heart,icons/Azure_Public_Service_Icons/General/10811-icon-service-Heart.svg,,
Azure,General,az_Image,false,cloud,terminal,az_Image,icons/Azure_Public_Service_Icons/General/10812-icon-service-Image.svg,,
Google Cloud Platform,AI and Machine Learning,gcp_Cloud_Natural_Language_API,false,cloud,terminal,gcp_Cloud_Natural_Language_API,icons/GCP Icons/Products and services/AI and Machine Learning/Cloud Natural Language API.svg,,
Azure,General,az_Input_Output,false,cloud,terminal,az_Input_Output,icons/Azure_Public_Service_Icons/General/10813-icon-service-Input-Output.svg,,
Azure,General,az_Journey_Hub,false,cloud,terminal,az_Journey_Hub,icons/Azure_Public_Service_Icons/General/10814-icon-service-Journey-Hub.svg,,
Google Cloud Platform,AI and Machine Learning,gcp_Cloud_Speech_to_Text,false,cloud,terminal,gcp_Cloud_Speech_to_Text,icons/GCP Icons/Products and services/AI and Machine Learning/Cloud Speech-to-Text.svg,,
Azure,General,az_Launch_Portal,false,cloud,terminal,az_Launch_Portal,icons/Azure_Public_Service_Icons/General/10815-icon-service-Launch-Portal.svg,,
Azure,General,az_Learn,false,cloud,terminal,az_Learn,icons/Azure_Public_Service_Icons/General/10816-icon-service-Learn.svg,,
Google Cloud Platform,AI and Machine Learning,gcp_Cloud_Text_to_Speech,false,cloud,terminal,gcp_Cloud_Text_to_Speech,icons/GCP Icons/Products and services/AI and Machine Learning/Cloud Text-to-Speech.svg,,
Azure,General,az_Load_Test,false,cloud,terminal,az_Load_Test,icons/Azure_Public_Service_Icons/General/10817-icon-service-Load-Test.svg,,
Azure,General,az_Location,false,cloud,terminal,az_Location,icons/Azure_Public_Service_Icons/General/10818-icon-service-Location.svg,,
Google Cloud Platform,AI and Machine Learning,gcp_Cloud_TPU,false,cloud,terminal,gcp_Cloud_TPU,icons/GCP Icons/Products and services/AI and Machine Learning/Cloud TPU.svg,,
Azure,General,az_Log_Streaming,false,cloud,terminal,az_Log_Streaming,icons/Azure_Public_Service_Icons/General/10819-icon-service-Log-Streaming.svg,,
Azure,General,az_Management_Portal,false,cloud,terminal,az_Management_Portal,icons/Azure_Public_Service_Icons/General/10820-icon-service-Management-Portal.svg,,
Google Cloud Platform,AI and Machine Learning,gcp_Cloud_Translation_API,false,cloud,terminal,gcp_Cloud_Translation_API,icons/GCP Icons/Products and services/AI and Machine Learning/Cloud Translation API.svg,,
Azure,General,az_Media_File,false,cloud,terminal,az_Media_File,icons/Azure_Public_Service_Icons/General/10821-icon-service-Media-File.svg,,
Azure,General,az_Mobile,false,cloud,terminal,az_Mobile,icons/Azure_Public_Service_Icons/General/10822-icon-service-Mobile.svg,,
Google Cloud Platform,AI and Machine Learning,gcp_Cloud_Video_Intelligence_API,false,cloud,terminal,gcp_Cloud_Video_Intelligence_API,icons/GCP Icons/Products and services/AI and Machine Learning/Cloud Video Intelligence API.svg,,
Azure,General,az_Mobile_Engagement,false,cloud,terminal,az_Mobile_Engagement,icons/Azure_Public_Service_Icons/General/10823-icon-service-Mobile-Engagement.svg,,
Azure,General,az_Power,false,cloud,terminal,az_Power,icons/Azure_Public_Service_Icons/General/10824-icon-service-Power.svg,,
Google Cloud Platform,AI and Machine Learning,gcp_Cloud_Vision_API,false,cloud,terminal,gcp_Cloud_Vision_API,icons/GCP Icons/Products and services/AI and Machine Learning/Cloud Vision API.svg,,
Azure,General,az_Powershell,false,cloud,terminal,az_Powershell,icons/Azure_Public_Service_Icons/General/10825-icon-service-Powershell.svg,,
Azure,General,az_Power_Up,false,cloud,terminal,az_Power_Up,icons/Azure_Public_Service_Icons/General/10826-icon-service-Power-Up.svg,,
Google Cloud Platform,AI and Machine Learning,gcp_Dialog_Flow_Enterprise_Edition,false,cloud,terminal,gcp_Dialog_Flow_Enterprise_Edition,icons/GCP Icons/Products and services/AI and Machine Learning/Dialog Flow Enterprise Edition.svg,,
Azure,General,az_Preview,false,cloud,terminal,az_Preview,icons/Azure_Public_Service_Icons/General/10827-icon-service-Preview.svg,,
Azure,General,az_Process_Explorer,false,cloud,terminal,az_Process_Explorer,icons/Azure_Public_Service_Icons/General/10828-icon-service-Process-Explorer.svg,,
Google Cloud Platform,AI and Machine Learning,gcp_Recommendations_AI,false,cloud,terminal,gcp_Recommendations_AI,icons/GCP Icons/Products and services/AI and Machine Learning/Recommendations AI.svg,,
Azure,General,az_Production_Ready_Database,false,cloud,terminal,az_Production_Ready_Database,icons/Azure_Public_Service_Icons/General/10829-icon-service-Production-Ready-Database.svg,,
Azure,General,az_Resource_Group_List,false,cloud,terminal,az_Resource_Group_List,icons/Azure_Public_Service_Icons/General/10830-icon-service-Resource-Group-List.svg,,
Azure,General,az_Resource_Linked,false,cloud,terminal,az_Resource_Linked,icons/Azure_Public_Service_Icons/General/10831-icon-service-Resource-Linked.svg,,
Azure,General,az_Scale,false,cloud,terminal,az_Scale,icons/Azure_Public_Service_Icons/General/10832-icon-service-Scale.svg,,
Azure,General,az_Scheduler,false,cloud,terminal,az_Scheduler,icons/Azure_Public_Service_Icons/General/10833-icon-service-Scheduler.svg,,
Azure,General,az_Search,false,cloud,terminal,az_Search,icons/Azure_Public_Service_Icons/General/10834-icon-service-Search.svg,,
Azure,General,az_Server_Farm,false,cloud,terminal,az_Server_Farm,icons/Azure_Public_Service_Icons/General/10835-icon-service-Server-Farm.svg,,
Azure,General,az_Service_Bus,false,cloud,terminal,az_Service_Bus,icons/Azure_Public_Service_Icons/General/10836-icon-service-Service-Bus.svg,,
Azure,General,az_SSD,false,cloud,terminal,az_SSD,icons/Azure_Public_Service_Icons/General/10837-icon-service-SSD.svg,,
Azure,General,az_Storage_Azure_Files,false,cloud,terminal,az_Storage_Azure_Files,icons/Azure_Public_Service_Icons/General/10838-icon-service-Storage-Azure-Files.svg,,
Azure,General,az_Storage_Container,false,cloud,terminal,az_Storage_Container,icons/Azure_Public_Service_Icons/General/10839-icon-service-Storage-Container.svg,,
Azure,General,az_Storage_Queue,false,cloud,terminal,az_Storage_Queue,icons/Azure_Public_Service_Icons/General/10840-icon-service-Storage-Queue.svg,,
Azure,General,az_Table,false,cloud,terminal,az_Table,icons/Azure_Public_Service_Icons/General/10841-icon-service-Table.svg,,
Azure,General,az_Tags,false,cloud,terminal,az_Tags,icons/Azure_Public_Service_Icons/General/10842-icon-service-Tags.svg,,
Azure,General,az_TFS_VC_Repository,false,cloud,terminal,az_TFS_VC_Repository,icons/Azure_Public_Service_Icons/General/10843-icon-service-TFS-VC-Repository.svg,,
Azure,General,az_Toolbox,false,cloud,terminal,az_Toolbox,icons/Azure_Public_Service_Icons/General/10844-icon-service-Toolbox.svg,,
Azure,General,az_Versions,false,cloud,terminal,az_Versions,icons/Azure_Public_Service_Icons/General/10845-icon-service-Versions.svg,,
Azure,General,az_Website_Power,false,cloud,terminal,az_Website_Power,icons/Azure_Public_Service_Icons/General/10847-icon-service-Website-Power.svg,,
Azure,General,az_Website_Staging,false,cloud,terminal,az_Website_Staging,icons/Azure_Public_Service_Icons/General/10848-icon-service-Website-Staging.svg,,
Azure,General,az_Web_Slots,false,cloud,terminal,az_Web_Slots,icons/Azure_Public_Service_Icons/General/10849-icon-service-Web-Slots.svg,,
Azure,General,az_Web_Test,false,cloud,terminal,az_Web_Test,icons/Azure_Public_Service_Icons/General/10850-icon-service-Web-Test.svg,,
Azure,General,az_Workbooks,false,cloud,terminal,az_Workbooks,icons/Azure_Public_Service_Icons/General/10851-icon-service-Workbooks.svg,,
Azure,General,az_Workflow,false,cloud,terminal,az_Workflow,icons/Azure_Public_Service_Icons/General/10852-icon-service-Workflow.svg,,
Azure,General,az_Backlog,false,cloud,terminal,az_Backlog,icons/Azure_Public_Service_Icons/General/10853-icon-service-Backlog.svg,,
Azure,General,az_Media,false,cloud,terminal,az_Media,icons/Azure_Public_Service_Icons/General/10854-icon-service-Media.svg,,
Azure,General,az_Module,false,cloud,terminal,az_Module,icons/Azure_Public_Service_Icons/General/10855-icon-service-Module.svg,,
Azure,General,az_Search_Grid,false,cloud,terminal,az_Search_Grid,icons/Azure_Public_Service_Icons/General/10856-icon-service-Search-Grid.svg,,
Azure,DevOps,az_Application_Insights,false,cloud,terminal,az_Application_Insights,icons/Azure_Public_Service_Icons/DevOps/00012-icon-service-Application-Insights.svg,,
Azure,DevOps,az_Azure_DevOps,false,cloud,terminal,az_Azure_DevOps,icons/Azure_Public_Service_Icons/DevOps/10261-icon-service-Azure-DevOps.svg,,
Azure,DevOps,az_DevTest_Labs,false,cloud,terminal,az_DevTest_Labs,icons/Azure_Public_Service_Icons/DevOps/10264-icon-service-DevTest-Labs.svg,,
Azure,DevOps,az_Lab_Services,false,cloud,terminal,az_Lab_Services,icons/Azure_Public_Service_Icons/DevOps/10265-icon-service-Lab-Services.svg,,
Azure,Databases,az_SQL_Data_Warehouses,false,cloud,terminal,az_SQL_Data_Warehouses,icons/Azure_Public_Service_Icons/Databases/00036-icon-service-SQL-Data-Warehouses.svg,,
Azure,Databases,az_Data_Factory,false,cloud,terminal,az_Data_Factory,icons/Azure_Public_Service_Icons/Databases/00041-icon-service-Data-Factory.svg,,
Azure,Databases,az_Azure_Synapse_Analytics,false,cloud,terminal,az_Azure_Synapse_Analytics,icons/Azure_Public_Service_Icons/Databases/00606-icon-service-Azure-Synapse-Analytics.svg,,
Azure,Databases,az_Azure_Cosmos_DB,false,cloud,terminal,az_Azure_Cosmos_DB,icons/Azure_Public_Service_Icons/Databases/10121-icon-service-Azure-Cosmos-DB.svg,,
Azure,Databases,az_Azure_Database_MySQL_Server,false,cloud,terminal,az_Azure_Database_MySQL_Server,icons/Azure_Public_Service_Icons/Databases/10122-icon-service-Azure-Database-MySQL-Server.svg,,
Azure,Databases,az_Azure_Database_MariaDB_Server,false,cloud,terminal,az_Azure_Database_MariaDB_Server,icons/Azure_Public_Service_Icons/Databases/10123-icon-service-Azure-Database-MariaDB-Server.svg,,
Azure,Databases,az_Azure_SQL_VM,false,cloud,terminal,az_Azure_SQL_VM,icons/Azure_Public_Service_Icons/Databases/10124-icon-service-Azure-SQL-VM.svg,,
Azure,Databases,az_Data_Factory,false,cloud,terminal,az_Data_Factory,icons/Azure_Public_Service_Icons/Databases/10126-icon-service-Data-Factory.svg,,
Azure,Databases,az_Virtual_Clusters,false,cloud,terminal,az_Virtual_Clusters,icons/Azure_Public_Service_Icons/Databases/10127-icon-service-Virtual-Clusters.svg,,
Azure,Databases,az_Elastic_Job_Agents,false,cloud,terminal,az_Elastic_Job_Agents,icons/Azure_Public_Service_Icons/Databases/10128-icon-service-Elastic-Job-Agents.svg,,
Azure,Databases,az_SQL_Database,false,cloud,terminal,az_SQL_Database,icons/Azure_Public_Service_Icons/Databases/10130-icon-service-SQL-Database.svg,,
Azure,Databases,az_Azure_Database_PostgreSQL_Server,false,cloud,terminal,az_Azure_Database_PostgreSQL_Server,icons/Azure_Public_Service_Icons/Databases/10131-icon-service-Azure-Database-PostgreSQL-Server.svg,,
Azure,Databases,az_SQL_Server,false,cloud,terminal,az_SQL_Server,icons/Azure_Public_Service_Icons/Databases/10132-icon-service-SQL-Server.svg,,
Azure,Databases,az_SQL_Elastic_Pools,false,cloud,terminal,az_SQL_Elastic_Pools,icons/Azure_Public_Service_Icons/Databases/10134-icon-service-SQL-Elastic-Pools.svg,,
Azure,Databases,az_Managed_Database,false,cloud,terminal,az_Managed_Database,icons/Azure_Public_Service_Icons/Databases/10135-icon-service-Managed-Database.svg,,
Azure,Databases,az_SQL_Managed_Instance,false,cloud,terminal,az_SQL_Managed_Instance,icons/Azure_Public_Service_Icons/Databases/10136-icon-service-SQL-Managed-Instance.svg,,
Azure,Databases,az_Azure_SQL_Server_Stretch_Databases,false,cloud,terminal,az_Azure_SQL_Server_Stretch_Databases,icons/Azure_Public_Service_Icons/Databases/10137-icon-service-Azure-SQL-Server-Stretch-Databases.svg,,
Azure,Databases,az_Cache_Redis,false,cloud,terminal,az_Cache_Redis,icons/Azure_Public_Service_Icons/Databases/10137-icon-service-Cache-Redis.svg,,
Azure,Databases,az_Instance_Pools,false,cloud,terminal,az_Instance_Pools,icons/Azure_Public_Service_Icons/Databases/10139-icon-service-Instance-Pools.svg,,
Azure,Databases,az_Azure_Data_Explorer_Clusters,false,cloud,terminal,az_Azure_Data_Explorer_Clusters,icons/Azure_Public_Service_Icons/Databases/10145-icon-service-Azure-Data-Explorer-Clusters.svg,,
Azure,Containers,az_Kubernetes_Services,false,cloud,terminal,az_Kubernetes_Services,icons/Azure_Public_Service_Icons/Containers/10023-icon-service-Kubernetes-Services.svg,,
Azure,Containers,az_Batch_Accounts,false,cloud,terminal,az_Batch_Accounts,icons/Azure_Public_Service_Icons/Containers/10031-icon-service-Batch-Accounts.svg,,
Azure,Containers,az_App_Services,false,cloud,terminal,az_App_Services,icons/Azure_Public_Service_Icons/Containers/10035-icon-service-App-Services.svg,,
Azure,Containers,az_Service_Fabric_Clusters,false,cloud,terminal,az_Service_Fabric_Clusters,icons/Azure_Public_Service_Icons/Containers/10036-icon-service-Service-Fabric-Clusters.svg,,
Azure,Containers,az_Container_Registries,false,cloud,terminal,az_Container_Registries,icons/Azure_Public_Service_Icons/Containers/10105-icon-service-Container-Registries.svg,,
Azure,Compute,az_Workspaces,false,cloud,terminal,az_Workspaces,icons/Azure_Public_Service_Icons/Compute/00400-icon-service-Workspaces.svg,,
Azure,Compute,az_Virtual_Machine,false,cloud,terminal,az_Virtual_Machine,icons/Azure_Public_Service_Icons/Compute/10021-icon-service-Virtual-Machine.svg,,
Azure,Compute,az_Kubernetes_Services,false,cloud,terminal,az_Kubernetes_Services,icons/Azure_Public_Service_Icons/Compute/10023-icon-service-Kubernetes-Services.svg,,
Azure,Compute,az_Mesh_Applications,false,cloud,terminal,az_Mesh_Applications,icons/Azure_Public_Service_Icons/Compute/10024-icon-service-Mesh-Applications.svg,,
Azure,Compute,az_Availability_Sets,false,cloud,terminal,az_Availability_Sets,icons/Azure_Public_Service_Icons/Compute/10025-icon-service-Availability-Sets.svg,,
Azure,Compute,az_Disks_Snapshots,false,cloud,terminal,az_Disks_Snapshots,icons/Azure_Public_Service_Icons/Compute/10026-icon-service-Disks-Snapshots.svg,,
Azure,Compute,az_OS_Images_(Classic),false,cloud,terminal,az_OS_Images_(Classic),icons/Azure_Public_Service_Icons/Compute/10027-icon-service-OS-Images-(Classic).svg,,
Azure,Compute,az_Virtual_Machines_(Classic),false,cloud,terminal,az_Virtual_Machines_(Classic),icons/Azure_Public_Service_Icons/Compute/10028-icon-service-Virtual-Machines-(Classic).svg,,
Azure,Compute,az_Function_Apps,false,cloud,terminal,az_Function_Apps,icons/Azure_Public_Service_Icons/Compute/10029-icon-service-Function-Apps.svg,,
Azure,Compute,az_Cloud_Services_(Classic),false,cloud,terminal,az_Cloud_Services_(Classic),icons/Azure_Public_Service_Icons/Compute/10030-icon-service-Cloud-Services-(Classic).svg,,
Azure,Compute,az_Batch_Accounts,false,cloud,terminal,az_Batch_Accounts,icons/Azure_Public_Service_Icons/Compute/10031-icon-service-Batch-Accounts.svg,,
Azure,Compute,az_Disks,false,cloud,terminal,az_Disks,icons/Azure_Public_Service_Icons/Compute/10032-icon-service-Disks.svg,,
Azure,Compute,az_Images,false,cloud,terminal,az_Images,icons/Azure_Public_Service_Icons/Compute/10033-icon-service-Images.svg,,
Azure,Compute,az_VM_Scale_Sets,false,cloud,terminal,az_VM_Scale_Sets,icons/Azure_Public_Service_Icons/Compute/10034-icon-service-VM-Scale-Sets.svg,,
Azure,Compute,az_App_Services,false,cloud,terminal,az_App_Services,icons/Azure_Public_Service_Icons/Compute/10035-icon-service-App-Services.svg,,
Azure,Compute,az_Service_Fabric_Clusters,false,cloud,terminal,az_Service_Fabric_Clusters,icons/Azure_Public_Service_Icons/Compute/10036-icon-service-Service-Fabric-Clusters.svg,,
Azure,Compute,az_Image_Definitions,false,cloud,terminal,az_Image_Definitions,icons/Azure_Public_Service_Icons/Compute/10037-icon-service-Image-Definitions.svg,,
Azure,Compute,az_Image_Versions,false,cloud,terminal,az_Image_Versions,icons/Azure_Public_Service_Icons/Compute/10038-icon-service-Image-Versions.svg,,
Azure,Compute,az_Shared_Image_Galleries,false,cloud,terminal,az_Shared_Image_Galleries,icons/Azure_Public_Service_Icons/Compute/10039-icon-service-Shared-Image-Galleries.svg,,
Azure,Compute,az_VM_Images_(Classic),false,cloud,terminal,az_VM_Images_(Classic),icons/Azure_Public_Service_Icons/Compute/10040-icon-service-VM-Images-(Classic).svg,,
Azure,Compute,az_Disks_(Classic),false,cloud,terminal,az_Disks_(Classic),icons/Azure_Public_Service_Icons/Compute/10041-icon-service-Disks-(Classic).svg,,
Azure,Compute,az_Container_Services_(Deprecated),false,cloud,terminal,az_Container_Services_(Deprecated),icons/Azure_Public_Service_Icons/Compute/10049-icon-service-Container-Services-(Deprecated).svg,,
Azure,Blockchain,az_Azure_Blockchain_Service,false,cloud,terminal,az_Azure_Blockchain_Service,icons/Azure_Public_Service_Icons/Blockchain/00211-icon-service-Azure-Blockchain-Service.svg,,
Azure,Blockchain,az_Azure_Blockchain_Service,false,cloud,terminal,az_Azure_Blockchain_Service,icons/Azure_Public_Service_Icons/Blockchain/10366-icon-service-Azure-Blockchain-Service.svg,,
Azure,Azure VMware Solution,az_AVS,false,cloud,terminal,az_AVS,icons/Azure_Public_Service_Icons/Azure VMware Solution/00524-icon-service-AVS.svg,,
Azure,Azure Stack,az_Multi_Tenancy,false,cloud,terminal,az_Multi_Tenancy,icons/Azure_Public_Service_Icons/Azure Stack/00965-icon-service-Multi-Tenancy.svg,,
Azure,App Services,az_App_Service_Plans,false,cloud,terminal,az_App_Service_Plans,icons/Azure_Public_Service_Icons/App Services/00046-icon-service-App-Service-Plans.svg,,
Azure,App Services,az_App_Service_Environments,false,cloud,terminal,az_App_Service_Environments,icons/Azure_Public_Service_Icons/App Services/00047-icon-service-App-Service-Environments.svg,,
Azure,App Services,az_App_Service_Certificates,false,cloud,terminal,az_App_Service_Certificates,icons/Azure_Public_Service_Icons/App Services/00049-icon-service-App-Service-Certificates.svg,,
Azure,App Services,az_App_Service_Domains,false,cloud,terminal,az_App_Service_Domains,icons/Azure_Public_Service_Icons/App Services/00050-icon-service-App-Service-Domains.svg,,
Azure,App Services,az_Notification_Hub_Namespaces,false,cloud,terminal,az_Notification_Hub_Namespaces,icons/Azure_Public_Service_Icons/App Services/00053-icon-service-Notification-Hub-Namespaces.svg,,
Azure,App Services,az_Search_Services,false,cloud,terminal,az_Search_Services,icons/Azure_Public_Service_Icons/App Services/00054-icon-service-Search-Services.svg,,
Azure,App Services,az_CDN_Profiles,false,cloud,terminal,az_CDN_Profiles,icons/Azure_Public_Service_Icons/App Services/00056-icon-service-CDN-Profiles.svg,,
Azure,App Services,az_Notification_Hubs,false,cloud,terminal,az_Notification_Hubs,icons/Azure_Public_Service_Icons/App Services/00057-icon-service-Notification-Hubs.svg,,
Azure,App Services,az_App_Services,false,cloud,terminal,az_App_Services,icons/Azure_Public_Service_Icons/App Services/10035-icon-service-App-Services.svg,,
Azure,App Services,az_API_Management_Services,false,cloud,terminal,az_API_Management_Services,icons/Azure_Public_Service_Icons/App Services/10042-icon-service-API-Management-Services.svg,,
Azure,App Services,az_Search_Services,false,cloud,terminal,az_Search_Services,icons/Azure_Public_Service_Icons/App Services/10044-icon-service-Search-Services.svg,,
Azure,App Services,az_Notification_Hubs,false,cloud,terminal,az_Notification_Hubs,icons/Azure_Public_Service_Icons/App Services/10045-icon-service-Notification-Hubs.svg,,
Azure,App Services,az_App_Service_Environments,false,cloud,terminal,az_App_Service_Environments,icons/Azure_Public_Service_Icons/App Services/10047-icon-service-App-Service-Environments.svg,,
Azure,Analytics,az_Log_Analytics_Workspaces,false,cloud,terminal,az_Log_Analytics_Workspaces,icons/Azure_Public_Service_Icons/Analytics/00009-icon-service-Log-Analytics-Workspaces.svg,,
Azure,Analytics,az_HD_Insight_Clusters,false,cloud,terminal,az_HD_Insight_Clusters,icons/Azure_Public_Service_Icons/Analytics/00037-icon-service-HD-Insight-Clusters.svg,,
Azure,Analytics,az_Event_Hubs,false,cloud,terminal,az_Event_Hubs,icons/Azure_Public_Service_Icons/Analytics/00039-icon-service-Event-Hubs.svg,,
Azure,Analytics,az_Azure_Data_Explorer_Clusters,false,cloud,terminal,az_Azure_Data_Explorer_Clusters,icons/Azure_Public_Service_Icons/Analytics/00040-icon-service-Azure-Data-Explorer-Clusters.svg,,
Azure,Analytics,az_Data_Factory,false,cloud,terminal,az_Data_Factory,icons/Azure_Public_Service_Icons/Analytics/00041-icon-service-Data-Factory.svg,,
Azure,Analytics,az_Stream_Analytics_Jobs,false,cloud,terminal,az_Stream_Analytics_Jobs,icons/Azure_Public_Service_Icons/Analytics/00042-icon-service-Stream-Analytics-Jobs.svg,,
Azure,Analytics,az_Analysis_Services,false,cloud,terminal,az_Analysis_Services,icons/Azure_Public_Service_Icons/Analytics/00043-icon-service-Analysis-Services.svg,,
Azure,Analytics,az_Event_Hub_Clusters,false,cloud,terminal,az_Event_Hub_Clusters,icons/Azure_Public_Service_Icons/Analytics/00044-icon-service-Event-Hub-Clusters.svg,,
Azure,Analytics,az_Data_Lake_Store_Gen1,false,cloud,terminal,az_Data_Lake_Store_Gen1,icons/Azure_Public_Service_Icons/Analytics/00045-icon-service-Data-Lake-Store-Gen1.svg,,
Azure,Analytics,az_Azure_Synapse_Analytics,false,cloud,terminal,az_Azure_Synapse_Analytics,icons/Azure_Public_Service_Icons/Analytics/00606-icon-service-Azure-Synapse-Analytics.svg,,
Azure,Analytics,az_HD_Insight_Clusters,false,cloud,terminal,az_HD_Insight_Clusters,icons/Azure_Public_Service_Icons/Analytics/10142-icon-service-HD-Insight-Clusters.svg,,
Azure,Analytics,az_Analysis_Services,false,cloud,terminal,az_Analysis_Services,icons/Azure_Public_Service_Icons/Analytics/10148-icon-service-Analysis-Services.svg,,
Azure,Analytics,az_Event_Hub_Clusters,false,cloud,terminal,az_Event_Hub_Clusters,icons/Azure_Public_Service_Icons/Analytics/10149-icon-service-Event-Hub-Clusters.svg,,
Azure,Analytics,az_Data_Lake_Store_Gen1,false,cloud,terminal,az_Data_Lake_Store_Gen1,icons/Azure_Public_Service_Icons/Analytics/10150-icon-service-Data-Lake-Store-Gen1.svg,,
Azure,AI + Machine Learning,az_Cognitive_Services,false,cloud,terminal,az_Cognitive_Services,icons/Azure_Public_Service_Icons/AI + Machine Learning/00029-icon-service-Cognitive-Services.svg,,
Azure,AI + Machine Learning,az_Cognitive_Services,false,cloud,terminal,az_Cognitive_Services,icons/Azure_Public_Service_Icons/AI + Machine Learning/10162-icon-service-Cognitive-Services.svg,,
Azure,AI + Machine Learning,az_Bot_Services,false,cloud,terminal,az_Bot_Services,icons/Azure_Public_Service_Icons/AI + Machine Learning/10165-icon-service-Bot-Services.svg,,